{
  "version": "base",
  "part1": "========== base setting ==================",
  "save_ckpt": true,
  "seed": 2023,
  "training_iteration": 5,
  "cuda_cnt": 1,
  "part2": "========== data ==========================",
  "mini_dataset": false,
  "data_type": "96-96",
  "trainset_size": 10261,
  "devset_size": 3293,
  "testset_size": 3293,
  "part3": "========== model =========================",
  "model": "lstm",
  "model_config": {
    "data_dim": 7,
    "hidden_size": 128,
    "num_layers": 3,
    "dropout": 0.0
  },
  "part4": "========== loss ==========================",
  "loss_type": "MSELoss",
  "part5": "========== epoch, batch, step ============",
  "epochs": 10,
  "train_batch_size": 32,
  "eval_batch_size": 32,
  "eval_steps": 100,
  "log_steps": 5,
  "part6": "========== lr ============================",
  "weight_decay": 0.01,
  "learning_rate": 0.001,
  "part7": "========== file path =====================",
  "data_path": "/data/zpwang/ML-Final/data/data_96-96/",
  "cache_dir": null,
  "ckpt_dir": "/home/zpwang/ML-Final/ckpt_space/2023-12-07-21-03-01.base/training_iteration_0",
  "log_dir": "/data/zpwang/ML-Final/log_space/2023-12-07-21-03-01.base/training_iteration_0",
  "part8": "========== additional details ============",
  "cuda_id": "3",
  "cur_time": "2023-12-07-21-03-01",
  "server_name": "cu12_"
}